id_rssd,institution_name,entity_type,first_quarter,last_quarter,n_quarters,in_panel
1511,NEW YORK BRANCH,USB,1978-12-31,2013-12-31,138,True
2321,BARCLAYS BK PLC,USB,1978-12-31,1986-03-31,27,False
3403,ALLIED IRISH BKS NY BR,USB,1978-06-30,2026-03-31,188,True
4512,UBS AG 11 MADISON AVENUE BR,USB,1976-06-30,2025-03-31,187,True
10513,NATIONAL CMRL BK-NY BR,UFB,1983-09-30,1992-06-30,36,False
11501,BANCO DI ROMA SPA-NY BRANCH,USB,1976-06-30,1992-06-30,56,False
21537,BAYERISCHE HYPO VEREINSBK CHGO,USB,1976-06-30,1998-12-31,82,False
22039,SUMITOMO MITSUI BKG CHICAGO BR,USB,1976-06-30,2002-03-31,95,True
23634,UNION BK OF SWITZERLAND-CHGO,USB,1977-06-30,1996-06-30,71,False
25012,NEW YORK BRANCH,USB,1976-06-30,2013-12-31,142,True
29216,NEW YORK BRANCH,UFB,1987-09-30,2004-12-31,70,True
34014,STANDARD CHARTERED BK NY BR,USB,1976-06-30,2026-03-31,189,True
37163,AKTIVBANKEN LONG BEACH AG,USA,1987-09-30,1992-12-31,22,False
39260,BANCO DE LA PROV BNS ARS LA AG,USA,1980-06-30,1984-03-31,16,False
39532,CANADIAN IMPERIAL BK OF CMRC,USA,1980-06-30,1998-12-31,75,False
40565,LOS ANGELES AGENCY,USA,1980-06-30,1997-09-30,70,False
40837,STANDARD CHARTERED BK,USA,1982-03-31,1995-03-31,53,False
41218,NATIONAL AUSTRALIA BK NY BR,UFB,1980-06-30,2026-03-31,184,True
41339,ATLANTA AGENCY,USA,1980-06-30,2009-06-30,117,True
42662,PARIBAS LA AGY,USB,1980-06-30,1998-12-31,75,False
44769,WOORI BK LA BR,USB,1980-06-30,2026-03-31,184,True
45261,CANADIAN CMRL BK SANTA ANA AG,USA,1980-06-30,1985-06-30,21,False
46866,DG BK DTSCHE GNSSNSCHFTS LA BR,USB,1980-06-30,1992-12-31,51,False
47171,SUMITOMO BK SEATTLE BR,USB,1977-12-31,1988-09-30,39,False
47368,DAIWA BK LA SO FLOWER ST AGY,USA,1980-06-30,1995-12-31,63,False
49465,LOS ANGELES AGENCY,USA,1980-06-30,2004-03-31,96,True
50760,KOREA FIRST BK LA AGY,USA,1980-06-30,1998-09-30,74,False
52867,MULTIBANCO COMERMEX LA AG,USA,1980-06-30,1984-03-31,16,False
53211,DEN DANSKE PROVINSBANKEN NY BR,USB,1982-03-31,1990-03-31,33,False
53369,SAITAMA BK LA BR,USB,1980-06-30,1991-03-31,44,False
54816,NEW YORK BRANCH,UFB,1983-06-30,2011-09-30,114,True
54964,TOKAI BK LOS ANGELES AGY,USA,1980-06-30,1998-12-31,75,False
55318,NEW YORK BRANCH,USB,1976-06-30,2009-03-31,123,True
55466,LOS ANGELES AGENCY,USA,2002-09-30,2015-12-31,52,False
55617,NEW YORK BRANCH,USB,1976-06-30,2004-03-31,103,True
57563,SAN FRANCISCO AGENCY,USA,1986-09-30,2010-03-31,95,True
59660,BANCO CENTRAL HISPANOAM SF AGY,USA,1981-06-30,1998-06-30,69,False
59811,PT BK CENTRAL ASIA NY BR,USB,1985-03-31,2003-03-31,73,True
63014,NEW YORK BRANCH,USB,1977-06-30,2005-12-31,109,True
64217,SHANGHAI CMRL BK NY BR,UFB,1983-06-30,2026-03-31,172,True
65812,SUMITOMO MITSUI BKG NY BR,USB,1977-06-30,2026-03-31,190,True
66716,NEW YORK BRANCH,USB,1983-12-31,2017-09-30,136,True
67058,SOCIETE GENERALE DALLAS AGY,USA,1986-03-31,2021-09-30,143,True
71439,MIZUHO BK CHICAGO BR,USB,1977-06-30,2026-03-31,190,True
86509,BANCO BRADESCO SA NY BR,UFB,1982-06-30,2026-03-31,176,True
86714,NEDBANK LIMITED-NY BRANCH,UFB,1983-06-30,1987-12-31,19,False
87001,NEW YORK BRANCH,USB,1984-03-31,2012-09-30,115,True
90300,LLOYDS BK PLC,USB,1981-12-31,1989-12-31,33,False
92331,CHICAGO BRANCH,USB,1976-06-30,2005-12-31,110,True
93217,SAITAMA BK NY BR,USB,1977-12-31,1991-03-31,49,False
95314,WORLD TRADE CENTER BRANCH,ISB,1993-06-30,1997-09-30,18,False
95716,STATE BK OF INDIA NY BR,ISB,1976-06-30,2026-03-31,191,True
96218,SHOKO CHUKIN BK NY BR,USB,1986-12-31,2026-03-31,158,True
96535,TAIYO KOBE BK LTD-CHGO BR,USB,1986-12-31,1990-03-31,14,False
98315,UNITAS BK NY BR,USB,1986-03-31,1992-06-30,26,False
98865,ISRAEL DISCOUNT BEV HILLS AGY,USA,1982-12-31,1998-12-31,65,False
99518,UNITED BK OF KUWAIT NY BR,UFB,1983-09-30,1998-12-31,62,False
100665,BANCO DI SICILIA LA AG,USA,1984-06-30,1993-09-30,38,False
101167,ALHAMBRA AGENCY,USA,1980-06-30,1997-09-30,70,False
102762,PT BK DAGANG NEGARA LA AGY,USA,1985-09-30,1998-12-31,54,False
103264,BANK OF TOKYO LA AGY,USB,1980-06-30,1996-03-31,64,False
104869,LOS ANGELES AGENCY,USA,1986-06-30,2010-03-31,96,True
105231,BARCLAYS BK PLC NEW ORLEANS AG,UFA,1981-09-30,1988-06-30,28,False
105361,BANK SADERAT IRAN LA AG,USA,1980-06-30,1983-06-30,13,False
107235,HONGKONG & SHANGHAI BKG CO-CHG,USB,1976-06-30,1998-12-31,81,False
107468,DRESDNER BK AG LA AGY,USA,1980-06-30,2003-06-30,93,True
109565,MIZUHO BK LOS ANGELES BR,USB,1980-06-30,2026-03-31,184,True
110637,KOREA FIRST BK-CHICAGO BRANCH,ISB,1978-06-30,1998-12-31,79,False
110860,INDUSTRIAL BK OF JAPAN LA AGY,USA,1980-06-30,2002-03-31,88,True
111139,CHICAGO BRANCH,ISB,1976-06-30,2004-03-31,103,True
112734,INDUSTRIAL BK JAPAN-CHICAGO BR,USB,1987-06-30,2002-03-31,60,True
112819,DEUTSCHE BK AG NY BR,USB,1978-12-31,2026-03-31,187,True
112967,MUFG BK LOS ANGELES BR,UFB,1980-06-30,2026-03-31,184,True
113311,DZ BK AG DEUTSCHE ZENTRA NY BR,USB,1977-06-30,2026-03-31,190,True
113469,NATIONAL AUSTRALIA BK LA AGY,USA,1980-06-30,1994-06-30,57,False
115566,PHILIPPINE CMRL INTL BK LA AGY,USA,1980-06-30,1998-12-31,75,False
116068,STATE BK OF INDIA LA BR,USA,1980-06-30,2026-03-31,184,True
116330,SANWA BK ATLANTA AGY,USA,1984-12-31,1998-03-31,54,False
117663,UBS AG LOS ANGELES BRANCH,UFB,1980-06-30,2019-12-31,159,True
118165,BAYERISCHE HYPO-UND VER LA AG,USA,1980-06-30,1998-12-31,75,False
119760,BANCO BILBAO VIZCAYA SF AG,USA,1980-06-30,1993-06-30,53,False
121567,BANCO TOTTA & ACORES SF AG,USA,1983-06-30,1985-09-30,10,False
125707,BANK OF CHINA CHINATOWN BR,IFB,1985-09-30,1985-09-30,1,True
126030,SAKURA BK CHICAGO BR,USB,1985-09-30,1998-12-31,54,False
127710,UNION BK OF MIDDLE EAST- NY BR,UFB,1982-03-31,1987-09-30,23,False
128212,NEW YORK BRANCH,USB,1985-12-31,2005-09-30,80,True
128913,MIDDLE EAST BK-NY BRANCH,UFB,1981-12-31,1993-06-30,47,False
130103,ARAB BKG CORP NY BR,UFB,1982-03-31,2026-03-31,177,True
131708,BANCO CENTRAL HISPANOAME NY BR,USB,1980-06-30,1998-12-31,75,False
132200,BANCO REPUBLICA ORIENTAL NY BR,UFB,1981-12-31,2026-03-31,178,True
133805,BANCO HISPANO AMERICANO NY BR,USB,1979-12-31,1991-09-30,47,False
133832,BANCO DE LA PROVINCIA DE BUENO,USA,1980-06-30,1983-03-31,12,False
134334,MIAMI BRANCH,USB,2002-09-30,2017-12-31,60,False
135715,BANCO DE BOGOTA NY AGY,USA,1976-06-30,2026-03-31,186,True
135902,BANCO DO BRASIL SA NY BR,USB,1976-06-30,2026-03-31,191,True
135939,BANCO DO ESTADO DE SAO MIA AGY,USA,1980-06-30,2001-09-30,86,True
136431,BANK OF NOVA SCOTIA MIAMI AGY,USA,1980-06-30,1988-03-31,32,False
137513,NEW YORK BRANCH,USB,1976-06-30,1997-09-30,77,False
137812,NEW YORK BRANCH,UFB,1983-09-30,2002-12-31,78,True
138314,BANQUE INTERNATIONALE NY AGY,USA,1986-09-30,1991-06-30,20,False
138538,MIAMI AGENCY,USA,1982-12-31,2012-06-30,119,True
139030,MIAMI AGENCY,USA,1982-06-30,2005-03-31,92,True
139218,KBC BANK NV NY BR,USB,1977-12-31,2026-03-31,189,True
139919,BANCO MERCANTIL SAO PAUL NY BR,USB,1980-06-30,2002-06-30,89,True
140111,BANCO NACIONAL PANAMA NY AGY,USA,1982-09-30,1990-06-30,32,False
140139,SOCIETE GENERALE CHICAGO BR,USB,1982-03-31,2026-03-31,177,True
140335,MIAMI BRANCH,USB,1981-03-31,2019-12-31,156,True
141716,NEW YORK BRANCH,USB,1980-06-30,2005-12-31,103,True
141930,MIAMI AGENCY,USA,1981-12-31,2006-03-31,98,True
142218,BANCO NACIONAL SA NY AGY,USA,1980-06-30,1995-12-31,63,False
142432,VEREINS-UND WESTBANK AG MIAMI,USA,1983-12-31,1991-06-30,31,False
143813,PT BK DAGANG NEGARA PER NY AGY,USA,1985-12-31,1998-12-31,53,False
144315,P T BK NEGARA INDO PER NY AGY,USA,1983-09-30,2026-03-31,171,True
144333,CHICAGO BRANCH,UFB,1976-06-30,2019-12-31,166,True
144539,MIAMI AGENCY,USA,1986-09-30,2004-09-30,73,True
145910,BANK SANAYE IRAN-NY AGNECY,USA,1980-06-30,1985-03-31,20,False
146430,TOKAI BK CHICAGO BR,USB,1980-12-31,2001-12-31,85,True
149011,NEW YORK BRANCH,USB,1980-06-30,2005-06-30,101,True
150316,COMMERCIAL BK AUSTRALIA-NY BR,UFB,1980-06-30,1982-03-31,8,False
151911,HANIL BK NY AGY,USA,1980-06-30,1998-12-31,75,False
152413,GRINDLAYS BK-NY AGENCY,USA,1980-06-30,1985-03-31,20,False
154510,LIBRA BK NY AGY,USA,1984-03-31,1990-03-31,25,False
155012,KOREA FIRST BK NY AGY,USA,1980-06-30,1998-12-31,75,False
156617,MERCANTILE BK OF CANADA-NY AGY,USA,1984-09-30,1985-09-30,5,False
158714,ROYAL BK CANADA NY BR,UFB,1980-06-30,2026-03-31,184,True
160212,MIDLAND BK PLC NY BR,USB,1983-03-31,1998-12-31,64,False
171469,BANK BMPTRA MLYSIA BERHD LA AG,USA,1980-09-30,1993-06-30,52,False
173566,BANCO ESTADO SAO PAOLO LA AG,USA,1980-06-30,1983-09-30,14,False
174068,BANK CRDT & CMRC LA AG,USA,1983-03-31,1991-06-30,34,False
175663,DAI-ICHI KANGYO BK LA AGY,USA,1980-06-30,2002-03-31,88,True
176165,LOS ANGELES AGENCY,USA,2002-09-30,2014-12-31,48,False
177760,LONG TERM CR BK JAPAN LA AGY,USA,1980-06-30,1998-12-31,75,False
178262,SAKURA BK LA AGY,USA,1980-06-30,1998-12-31,75,False
178534,SWISS BK CORP ATLANTA AGY,USA,1980-06-30,1990-12-31,43,False
179867,SCANDINAVIAN BK GRP LA AG,USA,1982-03-31,1989-09-30,31,False
180069,SOCIETE GENERALE LA BR,USB,1981-03-31,1998-12-31,72,False
181664,UNITED OVERSEAS BK LA AGY,USA,1980-09-30,2024-12-31,178,True
182166,BANCA DE LA NACN ARGNTNA SF AG,USA,1980-06-30,1990-03-31,40,False
186753,HOUSTON AGENCY,USA,1986-06-30,2002-09-30,66,True
187255,BANK OF MONTREAL-HOUSTON AGY,USA,1987-03-31,2026-03-31,157,True
190657,PARIBAS HOUSTON AGENCY,USA,1986-06-30,1998-12-31,51,False
194815,BANK HAPOALIM BM - PHILA BR,USB,1979-12-31,1998-12-31,76,False
203913,BANCA CATALINA SA-NY AGENCY,USB,1980-06-30,1983-12-31,15,False
203931,LLOYDS BK PLC CHICAGO BR,USB,1976-06-30,1989-12-31,46,False
204415,ARAB AFRICAN INTL BK NY BR,USB,1981-06-30,1993-12-31,51,False
206512,NEW YORK AGENCY,USA,1981-09-30,1997-06-30,64,False
207014,BANCO FONSECAS&BURNAY-NY AGCY,USA,1986-03-31,1993-03-31,29,False
208619,NEW YORK AGENCY,USA,1980-06-30,2015-06-30,141,True
208637,NATIONAL AUSTRALIA BK LTD-CHGO,UFB,1982-12-31,1991-09-30,36,False
208806,BANCO AUXILIAR - NY BRANCH,UFB,1982-06-30,1985-09-30,14,False
209111,BANK OF MONTREAL NY BR,USB,1980-06-30,2026-03-31,184,True
209308,NEW YORK BRANCH,UFB,1982-06-30,2007-12-31,103,True
212513,MIZUHO BK NEW YORK BR,USB,1980-06-30,2026-03-31,184,True
213015,PARK AVENUE BRANCH,USB,1980-09-30,2007-09-30,109,True
213202,BANCA COMMERCIALE ITALIA NY BR,USB,1976-06-30,2001-03-31,91,True
214030,TORONTO-DOMINION BK ATLANTA AG,USA,1980-06-30,1989-06-30,37,False
215112,OVERSEA-CHINES BKG CORP NY AGY,USA,1981-06-30,2026-03-31,180,True
216717,UNITED OVERSEAS BK NY AGY,USA,1980-06-30,2026-03-31,184,True
217219,UNITED MIZRAHI BK NY AGY,USA,1980-06-30,1998-03-31,72,False
217237,STATE BANK INDIA CHICAGO BR,ISB,1976-06-30,2026-03-31,191,True
221364,BANCA INTESA SPA LA AGY,USA,1980-06-30,2003-03-31,92,True
222932,MIAMI AGENCY,USA,2002-09-30,2007-03-31,17,False
222969,AUSTRALIA & NEW ZEALAND LA AGY,USA,1980-06-30,1994-09-30,58,False
223434,MIAMI BRANCH,USB,1980-06-30,2009-06-30,117,True
223461,BANCO REAL SA-LA AGY,USA,1980-06-30,1991-06-30,45,False
224918,COMMERCIAL BKG CO SYDNEY-NY BR,UFB,1980-06-30,1982-12-31,11,False
225531,MIAMI AGENCY,USA,1982-03-31,2007-06-30,102,True
225568,BANGKOK BK LA BR,UFB,1980-06-30,1998-09-30,74,False
226033,MIAMI AGENCY,USA,1984-03-31,2015-12-31,128,True
226060,BANK OF NEW ZEALAND LA AGY,USA,1980-06-30,1989-12-31,39,False
227517,UNICREDIT NY BR,USB,1976-06-30,2026-03-31,191,True
227638,MIAMI BRANCH,UFB,1980-09-30,2015-06-30,140,True
227665,SEOULBANK LA AGY,USA,1980-06-30,1998-09-30,74,False
228130,MIAMI AGENCY,USA,1987-06-30,2005-06-30,73,True
228167,COMMONWEALTH BK AUST LA AG,USA,1981-06-30,1993-03-31,48,False
229762,COPENHAGEN HANDELSBANK LA BR,USB,1984-06-30,1990-03-31,24,False
232061,HANIL BK LA AGY,USA,1980-06-30,1998-12-31,75,False
233116,ERSTE GROUP BK NY BR,UFB,1987-03-31,2026-03-31,157,True
233666,HONGKONG & SHANGHAI BKG LA BR,USB,1980-06-30,1995-09-30,62,False
233817,NEW YORK BRANCH,USB,1978-06-30,1997-09-30,74,False
234168,KREDIETBANK LA AG,USA,1984-03-31,1988-03-31,17,False
236416,GLOBAL UNION BK,ISB,1979-12-31,1986-09-30,28,False
237860,P T BK NIAGA LA AGY,USA,1987-03-31,2002-03-31,61,True
239967,CREDIT SUISSE FIRST BOST LA BR,USB,1980-06-30,1998-12-31,75,False
240169,TAIYO KOBE BK LA AG,USA,1980-06-30,1990-03-31,40,False
241764,TOYO TR & BKG CO LA AGY,USA,1980-12-31,1998-12-31,73,False
243861,BANGKOK METROPOLITAN BK SF AGY,USA,1981-03-31,1996-06-30,62,False
244514,NEW YORK BRANCH,USB,1976-06-30,2019-12-31,166,True
245267,SAN FRANCISCO BRANCH,UFB,1983-03-31,2016-06-30,134,True
248017,HANG SENG CHINATOWN E BDWY BR,IFB,1983-09-30,1996-03-31,51,False
250515,LANDESBANK HESSEN-THURIN NY BR,USB,1981-03-31,2026-03-31,181,True
253516,GULF INTL BK NY BR,UFB,1980-12-31,2026-03-31,182,True
258212,HONGKONG&SHANGHAI-59TH ST BR,USB,1991-06-30,1993-12-31,11,False
260336,CHICAGO BRANCH,USB,1976-06-30,2014-12-31,146,True
265818,NEW YORK BRANCH,USB,2002-09-30,2004-03-31,5,False
287212,MITSUBISHI BK NY BR,USB,1977-06-30,1996-03-31,70,False
288107,BANK OF NOVA SCOTIA BOSTON BR,USB,1978-06-30,2001-09-30,90,True
291817,KANSALLIS-OSAKE-PANKKI NY BR,USB,1985-12-31,1995-03-31,38,False
292711,MALAYAN BKG BERHAD NY BR,USB,1984-09-30,2026-03-31,167,True
295860,BANCO EXTERIOR DE ESPANA LA AG,USA,1982-06-30,1993-09-30,46,False
296362,BBVA BANCOMER SA LA AGY,USA,1980-06-30,2003-06-30,93,True
297967,LOS ANGELES AGENCY,USA,2002-09-30,2009-03-31,25,False
298469,LOS ANGELES BRANCH,USB,1980-06-30,2008-06-30,113,True
300269,INTERNATIONAL BK SNGPORE LA AG,USA,1981-12-31,1984-09-30,12,False
302366,OVERSEAS UNION BK LA AGY,USA,1981-12-31,2001-12-31,81,True
303961,TORONTO DOMINION BK LA AG,USA,1990-03-31,1991-06-30,6,False
304463,SAN FRANCISCO AGENCY,USA,1980-06-30,2006-03-31,104,True
309561,LLOYDS BK SF BR,USB,1983-09-30,1989-12-31,26,False
317810,MITSUBISHI UFJ TR & BKG NY BR,UFB,1977-12-31,2026-03-31,189,True
318312,SAKURA BK NY BR,USB,1977-06-30,1998-12-31,81,False
327239,CHICAGO BRANCH,USB,1977-06-30,2005-12-31,109,True
327314,CREDIT DU NORD-NY BRANCH,USB,1982-12-31,1993-03-31,42,False
328834,CHICAGO BRANCH,USB,2002-09-30,2021-06-30,74,False
328919,CONTINENTAL BK OF CANADA-NY BR,UFB,1984-03-31,1986-09-30,11,False
329336,BARCLAYS BANK PLC-CHICAGO BR,USB,1976-06-30,1996-06-30,72,False
329411,CIC UNION EUROPEENNE INT NY BR,USB,1976-06-30,1992-03-31,55,False
332738,CANADIAN IMPERIAL BK CHGO BR,USB,1981-06-30,2025-09-30,178,True
337434,COMMERCIAL BK KOREA LTD-CHGO,USB,1981-12-31,1998-12-31,69,False
339531,CHICAGO BRANCH,USB,1976-06-30,2009-06-30,124,True
346034,COMMONWEALTH BK AUSTRALIA-CHGO,UFB,1985-09-30,1990-12-31,22,False
348131,CHICAGO BRANCH II,USB,1976-06-30,2004-06-30,104,True
348917,NEW YORK BRANCH,USB,1983-03-31,2019-09-30,147,True
358019,KOREA EXCH BK BROADWAY BR,USB,1983-09-30,2003-09-30,81,True
359034,BBVA BANCO GANADERO MIA AGY,USA,1982-12-31,2001-09-30,76,True
360339,BANCO BILBAO-VIZCAYA SA CORAL,USA,1980-09-30,1989-06-30,36,False
361934,CREDIT SUISSE FIRST BOSTON MIA,USA,1981-09-30,1998-12-31,70,False
362436,ISRAEL DISCOUNT BK MIAMI AGY,USA,1980-06-30,2003-03-31,92,True
370169,PORTLAND BRANCH,USB,1979-06-30,2017-06-30,151,True
376611,AMSTERDAM-ROTTERDAM BK NY BR,UFB,1981-12-31,1991-06-30,39,False
378718,NEW YORK AGENCY,USA,1980-06-30,1997-09-30,70,False
379210,NEW YORK AGENCY,USA,1980-06-30,2016-03-31,144,True
380515,NEW YORK AGENCY,USA,1980-06-30,2002-12-31,91,True
381017,NEW YORK AGENCY,USA,1980-06-30,1997-12-31,71,False
382313,NEW YORK BRANCH,UFB,1982-09-30,2004-03-31,87,True
382612,BANK OF NEW ZEALAND-NY BRANCH,UFB,1980-06-30,1993-09-30,54,False
383114,BNP PARIBAS EQUITABLE TOWER BR,USB,1978-12-31,2002-03-31,91,True
383516,NEW YORK BRANCH,UFB,1983-03-31,2003-09-30,83,True
385211,CHUO TR & BKG CO NY AGY,USA,1980-06-30,1998-12-31,75,False
387318,JUGOBANKA-UNITED BANK - NY AGY,USA,1980-06-30,1993-03-31,52,False
388913,BEOGRADSKA BANKA-NY AGENCY,USA,1982-09-30,1993-03-31,43,False
390813,CREDIT CMRL FRANCE NY BR,USB,1977-06-30,1998-12-31,81,False
398118,CHIBA BK NY BR,USB,1987-06-30,2026-03-31,156,True
399638,CHICAGO BRANCH,USB,1977-06-30,2006-03-31,110,True
400936,BANCO DE LA NACION ARGENTINA,USB,1978-12-31,1988-09-30,37,False
403535,CAISSE NA DE CR AGRICOLE-CHGO,USB,1979-06-30,1998-09-30,76,False
411008,BANK HAPOALIM BM,ISB,1978-06-30,1995-12-31,67,False
418632,BANK OF CREDIT & CMRC INTL,USA,1983-12-31,1989-06-30,23,False
419134,BANCO PICHINCHA CA MIAMI AGY,USA,1986-12-31,2026-03-31,158,True
420439,ARGENTARIA CAJA POSTAL Y BANCO,USA,1980-06-30,1998-12-31,75,False
422536,BANQUE PARIBAS MIAMI AGY,USA,1983-06-30,1986-12-31,15,False
423038,"BANCO INTERNATIONAL DE COSTA RICA, S.A. MIAMI - AGENCY",USA,2002-09-30,2021-06-30,74,False
427474,BARCLAYS BK SEA BR,UFB,1981-03-31,1989-09-30,35,False
429179,STANDARD CHARTERED BK SEA BR,USB,1976-06-30,1990-06-30,48,False
438818,BANCO BILBAO VIZCAYA ARG NY BR,USB,1979-06-30,2026-03-31,186,True
439310,BANCO ATLANTICO SA NY AGY,USA,1980-06-30,2001-09-30,86,True
440615,NEW YORK BRANCH,USB,1980-06-30,2019-12-31,159,True
442712,BANGKOK METRO BK PUBLIC NY AGY,USA,1980-06-30,1996-06-30,65,False
442730,AUSTRALIA & N ZEALAND BKG GRP,UFB,1981-09-30,1992-06-30,44,False
443214,P T BK BUMI DAYA PERSER NY AGY,USA,1985-06-30,1998-12-31,55,False
443232,ALLIED IRISH BANK LTD-CHGO BR,USB,1979-06-30,1991-12-31,49,False
444266,BANQUE INDOSUEZ HOUSTON AGY,USA,1987-09-30,1994-09-30,29,False
444819,MUFG BK NY BR,UFB,1980-06-30,2026-03-31,184,True
446934,INTESABCI SPA CHICAGO BR,USB,1976-06-30,2002-03-31,95,True
447418,GULF BK KSC-NY AGENCY,USA,1982-12-31,1988-03-31,22,False
449515,METROPOLITAN B&TC NY BR,IFB,1980-06-30,2026-03-31,184,True
449560,SHIZUOKA BK LA BR,USB,1985-03-31,2021-09-30,147,True
450810,TORONTO-DOMINION BK NY BR,UFB,1980-06-30,2026-03-31,184,True
450838,WESTPAC BANKING CORP-CHGO BR,UFB,1982-09-30,1993-09-30,45,False
451330,PARIBAS-CHICAGO BRANCH,USB,1982-12-31,1998-12-31,65,False
451415,BANK AUSTRIA AG GREENWICH BR,UFB,1983-06-30,2003-03-31,80,True
453419,STATE BK OF VICTORIA  NY AGY,USA,1986-03-31,1990-12-31,20,False
456531,ABN AMRO BK NV ATLANTA AGY,USA,1980-06-30,2003-06-30,93,True
457033,BARCLAYS BK PLC ATLANTA AGY,USA,1980-06-30,1995-03-31,60,False
467171,MITSUI BK SEA BR,USB,1977-12-31,1986-06-30,30,False
471730,CHICAGO BRANCH,USB,1976-06-30,2002-12-31,98,True
479231,BANK OF TOKYO CORAL GABLES AGY,USA,1982-09-30,1996-06-30,56,False
480536,AVENTURA AGENCY,USA,1980-06-30,2010-12-31,123,True
481038,BANCA NAZIONALE DEL LAVORO,USA,1982-03-31,1994-06-30,50,False
482633,BANCO DE LA NACION ARG MIA AGY,USA,1980-09-30,2026-03-31,183,True
483135,BANCO ESPANOL DE CREDITO SA,USA,1982-12-31,1998-06-30,63,False
484730,BANCO NACIONAL SA MIAMI AGY,USA,1982-09-30,1996-06-30,56,False
500715,BANCO SANTANDER SA NY BR,USB,1979-06-30,2026-03-31,186,True
501217,BANCO ESTADO SAO PAULO NY AGY,USA,1980-06-30,2002-06-30,89,True
503314,BANCO URQUIJO UNION NY AGY,USA,1980-06-30,1985-03-31,20,False
504366,STANDARD CHRTR BK HOUSTON AG,USA,1986-09-30,1987-09-30,5,False
504919,P T BK EKSPOR IMPOR IND NY AGY,USA,1983-12-31,1998-12-31,61,False
505411,BANK CREDIT & CMRC INTL NY AGY,USA,1984-06-30,1991-06-30,29,False
507518,WOORI BK NY AGY,USA,1980-06-30,2026-03-31,184,True
508010,DEVELOPMENT BK SINGAPOR NY AGY,USA,1980-06-30,1998-12-31,75,False
509615,DG INVESTMENT BK NY AGY,USA,1986-06-30,1992-09-30,26,False
509660,WESTPAC BKG LA BR,UFB,1984-06-30,1993-03-31,36,False
510910,OVERSEAS UNION BK NY AGY,USA,1980-06-30,2001-12-31,87,True
511412,ROYAL BK CAN THRE WRLD FNCL BR,UFB,1981-06-30,2026-03-31,143,True
512017,NEW YORK BRANCH,UFB,1984-09-30,2003-12-31,78,True
514114,CREDIT AGRICOLE CORPORAT NY BR,USB,1976-06-30,2026-03-31,191,True
516761,OVERSEAS TRUST BK SF BR,UFB,1980-12-31,1987-09-30,28,False
517133,BANK OF NOVA SCOTIA INTL,USA,1986-12-31,1987-09-30,4,False
518738,ATLANTA AGENCY,USA,1980-06-30,2007-03-31,108,True
519230,LLOYDS BK PLC ATLANTA AGY,USA,1980-06-30,1987-12-31,31,False
520076,SEATTLE BRANCH,USB,2002-09-30,2011-12-31,36,False
522575,SEATTLE BRANCH,USB,1981-12-31,2004-03-31,90,True
524234,BANQUE INDOSUEZ-CHICAGO BRANCH,USB,1976-06-30,1989-12-31,46,False
525839,BANK OF MONTREAL CHICAGO BR,USB,1984-09-30,2026-03-31,167,True
534439,DAI-ICHI KANGYO BK CHICAGO BR,USB,1981-12-31,2002-03-31,82,True
538156,MUFG BK HOUSTON AGY,UFA,1985-12-31,2026-03-31,162,True
539304,BANCO BANDEIRANTES NY BR,UFB,1982-09-30,1998-12-31,66,False
542733,BANCO DO BRASIL SA MIAMI BR,USB,1980-06-30,2026-03-31,184,True
543235,BANCO REAL SA MIAMI AGY,USA,1980-06-30,1998-12-31,75,False
544830,BANK OF CREDIT & CMRC INTL,USA,1982-06-30,1990-12-31,35,False
544867,HONOLULU AGENCY,USA,1980-06-30,2009-06-30,117,True
545332,BANCO MERCANTIL/CIMA CA SACA,USA,1983-03-31,1996-03-31,53,False
545369,BANK OF TOKYO-MIT HONOLULU AGY,USA,1980-06-30,1998-12-31,75,False
546937,MIAMI AGENCY,USA,1980-06-30,2002-09-30,90,True
547439,MIAMI AGENCY,USA,1986-09-30,2002-09-30,65,True
548669,PORTLAND BRANCH,USB,1978-12-31,2017-03-31,151,True
549161,CANADIAN IMPL BK FOURTH AVE BR,USB,1980-06-30,1983-09-30,14,False
558109,NEW YORK BRANCH,USB,1987-06-30,2013-12-31,107,True
558378,CANADIAN IMPL BK CMRC SEA BR,USB,1976-06-30,1989-06-30,44,False
560812,AUSTRALIA & NEW ZEALAND NY BR,UFB,1980-06-30,2026-03-31,184,True
561314,BANCA SERFIN SA NY AGY,USA,1980-06-30,1998-12-31,75,False
562919,BANCO DE VIZCAYA SA NY BR,USB,1980-06-30,1988-09-30,34,False
563411,BANCO INTERNACIONAL SA NY AGY,USA,1981-06-30,2003-03-31,88,True
565518,BANGKOK BK PUBLIC CO NY BR,UFB,1980-06-30,2026-03-31,184,True
566560,BANCO NACIONAL MEXICO HOU AGY,USA,1987-03-31,2001-12-31,59,True
567062,SWISS BK CORPORATION,USA,1986-09-30,1993-06-30,28,False
568117,CANADIAN IMPERIAL BK NY BR,USB,1980-06-30,2026-03-31,184,True
569712,COMMONWEALTH BK OF AUS NY BR,UFB,1980-06-30,2026-03-31,184,True
571519,BANCO INVERLAT SA NY AGY,USA,1980-06-30,1998-12-31,75,False
571564,CMB WING LUNG BK LA BR,UFB,1984-09-30,2026-03-31,167,True
572011,PHILIPPINE CMRL INTL BK NY BR,UFB,1980-06-30,1989-12-31,39,False
573616,THOMAS COOK BANKERS - NY AGY,USA,1980-06-30,1982-09-30,10,False
574211,COPENHAGEN HANDELSBANK NY BR,USB,1985-12-31,1990-03-31,18,False
575562,HONGKONG & SHANGHAI BKG PTL BR,USB,1980-12-31,1996-09-30,64,False
576215,SOCIETE DE BANQUE PR NY AGY,USA,1985-03-31,1991-09-30,27,False
578835,BANCA NAZIONALE DEL LAVORO,USA,1982-06-30,1994-06-30,49,False
580632,BAYERISCHE VEREINSBANK AKTIENG,USA,1980-12-31,1990-06-30,39,False
589073,SEATTLE BRANCH,USB,1977-12-31,1997-06-30,74,False
590501,NEW YORK BRANCH,UFB,1984-06-30,2006-03-31,88,True
591003,NEW YORK BRANCH,USB,1981-06-30,2018-06-30,149,True
592608,NATIXIS NY BR,USB,1977-06-30,2026-03-31,190,True
599063,CANADIAN IMPL BK FIFTH AVE BR,USB,1976-06-30,1989-06-30,44,False
599401,BAYERISCHE LANDESBANK NY BR,UFB,1981-12-31,2026-03-31,178,True
602833,MIAMI AGENCY,USA,1981-09-30,2007-06-30,104,True
603335,BANCO DE IBEROAMERICA SA,UFA,1981-12-31,1987-03-31,22,False
604930,BANCO SANTANDER SA MIAMI AGY,USA,1980-06-30,1998-12-31,75,False
605432,MIAMI AGENCY,USA,1981-09-30,2017-03-31,143,True
607539,MIAMI AGENCY,USA,1980-06-30,2014-03-31,136,True
608031,BANK OF CREDIT & CMRC INTL,USA,1984-06-30,1989-06-30,21,False
611406,BANCA CASSA DI RISPARMIO NY BR,UFB,1985-12-31,1998-12-31,53,False
623511,NEW YORK AGENCY,USA,1980-12-31,2007-09-30,108,True
624013,BANCO CMRC&IND SAO PAULO-NY AG,USA,1980-06-30,1985-09-30,22,False
625618,NEW YORK AGENCY,USA,1980-06-30,2005-12-31,103,True
626110,BANCO UNION CA NY AGY,USA,1980-06-30,1998-12-31,75,False
627162,SUMITOMO BK HOUSTON AGY,USA,1986-09-30,1998-12-31,50,False
627715,BANK OF NOVA SCOTIA NY AGY,USA,1980-06-30,2026-03-31,183,True
628217,HANA BK NY AGY,USA,1980-06-30,2026-03-31,184,True
629812,WESTPAC BKG CORP NY BR,UFB,1980-06-30,2026-03-31,184,True
630014,DAIWA BK NY BR,USB,1980-06-30,1995-12-31,63,False
631619,MEGA INTL CMRL BK CO NY BR,USB,1980-06-30,2026-03-31,184,True
632111,NEW YORK BRANCH,USB,1980-06-30,2002-09-30,90,True
633716,SIAM CMRL BK PUBLIC CO NY AGY,USA,1980-06-30,2001-12-31,87,True
633819,COMMERZBANK AG NY BR,USB,1976-06-30,2026-03-31,191,True
634218,NATIONAL BK OF CANADA NY BR,USB,1980-06-30,2026-03-31,184,True
636418,BROADWAY BRANCH,USB,1977-12-31,2002-09-30,95,True
639615,BANK OF NOVA SCOTIA-CHRSTD BR,USB,1976-06-30,1979-12-31,7,False
647021,FIRST ABU DHABI BK USA N WA BR,UFB,1981-03-31,2026-03-31,181,True
647030,ASAHI BK LTD-CHICAGO BRANCH,USB,1987-03-31,1998-12-31,48,False
655567,LLOYDS BK INTL LA BR,USB,1983-09-30,1985-12-31,10,False
660637,MUFG BK CHICAGO BR,UFB,1977-06-30,2026-03-31,190,True
660806,ARAB BK PLC NY AGY,UFA,1982-12-31,2023-12-31,165,True
661139,NATIONAL BK OF CANADA-CHGO BR,USB,1983-03-31,2001-06-30,74,True
662734,NATIONAL WESTMINSTER BK-CHG BR,USB,1976-06-30,1996-12-31,74,False
663405,BANK OF THE PHILIPPINE NY BR,ISB,1985-09-30,1998-12-31,54,False
668101,BANCO DO ESTADO DO RIO - NY BR,UFB,1981-12-31,1993-03-31,46,False
674102,NEW YORK BRANCH,USB,1976-06-30,2007-09-30,117,True
674867,CANADIAN IMPL BK CMRC BVRTN BR,USB,1980-06-30,1985-06-30,21,False
675266,LOS ANGELES BRANCH,USB,1987-03-31,2009-06-30,90,True
683627,BANCO REAL SA WASHINGTON BR,UFB,1982-12-31,1998-12-31,65,False
683663,MEGA INTL CMRL BK LA BR,USB,1984-09-30,2026-03-31,167,True
707130,MEGA INTL CMRL BK CHICAGO BR,USB,1976-06-30,2026-03-31,191,True
708070,ALLIED BKG GUAM BR,USB,1982-12-31,2002-03-31,78,True
719870,FIRST CMRL BK GUAM BR,USB,1977-12-31,2002-03-31,93,True
720906,BANK MUAMALAT MALAYSIA NY BR,USB,1979-06-30,2001-09-30,88,True
727709,BANK OF INDIA NY BR,ISB,1978-12-31,2026-03-31,187,True
728658,HOUSTON AGENCY,USA,1985-12-31,2002-12-31,69,True
729806,BSI AG NY BR,USB,1983-12-31,1998-12-31,61,False
729860,BANCO DO BRASIL SA SF AGY,USA,1980-06-30,1995-09-30,62,False
730008,BANCO DO ESTADO PARANA NY BR,UFB,1983-03-31,1998-12-31,64,False
730062,BANCO ESTADO SAO PAULO SF AG,USA,1980-06-30,1992-06-30,49,False
731667,BANK OF INDIA SF AGY,USA,1980-06-30,2026-03-31,184,True
732169,BANK BRTSH CLMBIA SF BR,USB,1980-06-30,1987-12-31,30,False
733764,SAN FRANCISCO BRANCH,USB,2002-09-30,2011-12-31,36,False
734202,BANQUE WORMS-NY BR,UFB,1981-06-30,1987-09-30,26,False
734266,SAN FRANCISCO AGENCY,USA,2002-09-30,2009-09-30,27,False
735861,CANADIAN IMP BK MENLO PK AGY,USA,1980-06-30,1998-12-31,75,False
737968,DAH SING BK SF BR,UFB,1981-03-31,1995-06-30,58,False
738460,CHO HUNG BK SF AG,USA,1980-06-30,1998-06-30,73,False
739663,CANADIAN IMPL BK CMRC PTLND BR,USB,1980-06-30,1985-06-30,21,False
740267,HONGKONG & SHANGHAI BKG SF BR,USB,1980-06-30,1995-09-30,62,False
743969,OVERSEAS UNION BK SF AGY,USA,1984-12-31,1998-12-31,57,False
744461,SAN FRANCISCO BRANCH,USB,1980-06-30,2005-12-31,103,True
746504,CARIPLO-CASSA DI RISPARM NY BR,USB,1985-06-30,1998-12-31,55,False
746568,PHILIPPINE NB LA BR,USB,1980-06-30,2026-03-31,184,True
747060,UBS AG SAN FRANCISCO BRANCH,UFB,1980-06-30,2020-12-31,163,True
748665,SHANGHAI CMRL BK SF BR,USB,1980-06-30,2026-03-31,184,True
776006,BANCO NACION ARGENTINA NY BR,USB,1976-06-30,2026-03-31,191,True
776510,BK OF NOVA SCOTIA-MN PR OFF,USB,1976-06-30,1979-06-30,6,True
778103,BANCO ECONOMICO SA NY BR,UFB,1980-06-30,1998-12-31,75,False
779708,NEW YORK BRANCH,USB,1981-03-31,2003-09-30,91,True
780414,BANK OF NOVA SCOTIA-FRDKSTD BR,USB,1976-06-30,1979-12-31,7,False
788269,BANK HAPOALIM ENCINO BR,USB,1984-09-30,1984-09-30,1,False
788308,BANK HAPOALIM BM PLAZA BR,USB,1980-12-31,2024-03-31,174,True
789659,SANWA BK AGENCY,USA,1985-12-31,1998-03-31,50,False
790105,BANK HAPOALIM BM NY BR,ISB,1976-06-30,2026-03-31,191,True
806864,CHINA CITIC BK INTL LA BR,UFB,1982-03-31,2026-03-31,177,True
839808,BANCO DI SICILIA SPA NY BR,USB,1977-12-31,2001-09-30,91,True
840000,BANK HAPOALIM AMERICAS TWR BR,USB,2024-06-30,2026-03-31,8,True
841605,BANCO NORESTE S. A.- NY BR,UFB,1982-03-31,1986-12-31,20,False
842107,NEW YORK BRANCH,UFB,-31,2006-12-31,55,True
843702,BANK FUER GERMEINWIRTSCH NYBR,USB,1976-06-30,1991-09-30,53,False
852302,NEW YORK BRANCH,USB,1976-06-30,2018-12-31,162,True
853907,NY BRANCH,UFB,1983-09-30,1985-03-31,7,False
854409,BANK LEU LTD NY BR,UFB,1984-03-31,1989-09-30,23,False
860400,200 PARK AVENUE BRANCH,USB,1976-06-30,2015-12-31,150,True
872766,SAN FRANCISCO AGENCY,USA,1980-06-30,1997-03-31,68,False
873268,ROYAL BK OF CANADA LA AGY,USA,1980-06-30,1998-12-31,75,False
874863,TORONTO DOMINION BK SF AG,USA,1980-06-30,1988-06-30,33,False
875365,SUMITOMO MITSUI BKG CORP SF BR,USB,1980-06-30,2026-03-31,184,True
887461,MIZRAHI TEFAHOT BK LA BR,ISB,1981-09-30,2026-03-31,179,True
900100,NEW YORK BRANCH,USB,1976-06-30,2002-09-30,97,True
902711,BANK OF NOVA SCOTIA-2ND CHRSD,USB,1976-06-30,1979-12-31,7,False
903802,BANCO CREDITO NACIONAL NY BR,UFB,1981-03-31,1998-09-30,71,False
905011,NATIONAL BK OF PAKISTAN NY BR,USB,1976-06-30,2024-06-30,184,True
905413,INTERNATIONALE NEDERLANDEN-NY,USB,1978-12-31,1993-09-30,57,False
905909,BANCO REAL SA NY BR,USB,1976-06-30,1998-12-31,82,False
908508,BANK OF CHINA NY BR,IFB,1981-12-31,2026-03-31,178,True
909000,BANK OF BARODA NY BR,ISB,1979-06-30,2026-03-31,186,True
910510,NORINCHUKIN BK NY BR,USB,1984-12-31,2026-03-31,166,True
914509,NEW YORK BRANCH,UFB,1982-12-31,1997-12-31,61,False
915001,BANCO CONSOLIDADO WEST 57TH BR,UFB,1982-06-30,1991-12-31,39,False
916606,NEW YORK BRANCH,UFB,1983-12-31,2005-12-31,89,True
916811,RABOBANK NEDERLAND NY BR,USB,1981-06-30,2026-03-31,180,True
919812,GULF INTL BK UK NY BR,UFB,1983-06-30,2026-03-31,172,True
920500,CALYON 666 BRANCH,USB,1980-06-30,2004-06-30,97,True
921002,BAYERISCHE HYPOTHEKEN UN NY BR,USB,1977-12-31,1998-06-30,78,False
922027,CANADIAN IMPERIAL BK OF CMRC,USB,1981-06-30,1989-03-31,32,False
922111,SOCIETE GENERALE NY BR,USB,1979-06-30,2026-03-31,186,True
922812,BROADWAY BRANCH,USB,1985-12-31,2003-09-30,72,True
924919,SUMITOMO MITSUI TR BK NY BR,USB,1977-06-30,2026-03-31,190,True
925206,BHF-BK AKTIENGESELLSCHAF NY BR,USB,1977-06-30,1998-12-31,81,False
925813,UBS AG NY 787 7TH AVE WMA BR,UFB,1976-06-30,2021-09-30,173,True
926315,TOKAI BK NY BR,USB,1977-06-30,2001-12-31,93,True
933126,DAIWA BK PITTSBURGH,USB,1979-06-30,1995-12-31,65,False
934413,UNICREDIT BANK GMBH NY BR,USB,1976-06-30,2026-03-31,191,True
942173,SAKURA BK SEATTLE BR,USB,1976-06-30,1996-09-30,73,False
957908,NEW YORK BRANCH,UFB,1982-12-31,2011-12-31,114,True
958400,BANK EAST ASIA NY WHOLESALE BR,UFB,1984-06-30,2026-03-31,168,True
962818,BANK NOVA SCOTIA CHAR AMALIE B,USB,1976-06-30,1994-12-31,66,False
964616,UNITED BK FOR AFRICA PLC NY BR,UFB,1984-06-30,2026-03-31,168,True
965510,UBS AG NY BR,UFB,1976-06-30,2026-03-31,97,True
966012,PORTIGON AG NY BR,USB,1976-06-30,2022-03-31,175,True
967000,BANQUE DE L UN EUROPEENE-NY BR,USB,1978-12-31,1984-09-30,21,False
968726,NATIONAL BK OF PAKISTAN WA BR,UFB,1980-09-30,2026-03-31,183,True
969714,NATIONAL BK KUWAIT SAK NY BR,UFB,1984-09-30,2026-03-31,167,True
972509,BNP PARIBAS NEW YORK BR,USB,1977-06-30,2026-03-31,190,True
975863,PORTLAND BRANCH,USB,1976-06-30,2010-09-30,129,True
977205,BAHRAIN MIDDLEAST BK EC-NY AG,USA,1986-12-31,1993-12-31,29,False
986010,PHILIPPINE NB NY BR,USB,1976-06-30,2026-03-31,191,True
987400,CAISSE NAT CR AGRICOLE NY BR,UFB,1984-03-31,1998-06-30,58,False
990316,GENERALE BANK NY BR,USB,1984-09-30,1998-12-31,58,False
992011,SVENSKA HANDELS AB PUBL NY BR,USB,1986-09-30,2026-03-31,159,True
994510,NEW YORK BRANCH,USB,1977-06-30,2018-12-31,161,True
1007060,BANQUE FRANCAISE DU CMRC SF AG,USA,1981-09-30,1989-12-31,34,False
1008665,WESTPAC BKG SF BR,UFB,1980-06-30,1993-03-31,52,False
1009167,STANDARD CHARTERED BK SF BR,USB,1980-06-30,2026-03-31,184,True
1010462,SAN FRANCISCO BRANCH,USB,2002-09-30,2021-06-30,74,False
1012569,CREDIT LYONNAIS SF BR,USB,1980-06-30,1998-09-30,74,False
1013061,SAN FRANCISCO AGENCY,USA,1980-06-30,2004-03-31,96,True
1014666,BANK CREDIT & CMRC INTL SF AG,USA,1981-09-30,1990-09-30,37,False
1015168,FUJI BK SF AGY,USA,1987-03-31,1998-12-31,48,False
1016763,METROPOLITAN B&TC SF BR,USB,1980-06-30,1988-06-30,33,False
1017265,SAN FRANCISCO BRANCH,USB,2002-09-30,2015-06-30,50,False
1157424,SKANDINAVISKA ENSKILDA NY BR,USB,1987-12-31,2026-03-31,154,True
1159950,LOS ANGELES AGENCY,USA,1987-12-31,1997-03-31,38,False
1160170,NEW YORK BRANCH,USB,2002-09-30,2008-12-31,24,False
1160189,NEW YORK AGENCY,USA,1987-12-31,2006-06-30,75,True
1160497,SUMITOMO BK ATLANTA AGY,USA,1987-12-31,1998-12-31,45,False
1160518,UBS AG MIAMI BR,UFB,1987-12-31,2021-09-30,136,True
1161944,SAITAMA BK-CHICAGO BRANCH,USB,1987-12-31,1991-03-31,14,False
1163162,SUMITOMO MITSUI BKG CORP LA BR,USB,1988-03-31,2026-03-31,153,True
1164084,FUJI BK ATLANTA AGY,USA,1988-03-31,1998-12-31,44,False
1166462,AUSTRALIA & NEW ZEALAND BKG,USA,1988-03-31,1991-12-31,16,False
1167571,DEN NORSKE CREDITBANK NY BR,USB,1988-03-31,1990-03-31,9,False
1169762,DAI-ICHI KANGYO BK ATLANTA AGY,USA,1988-03-31,1998-12-31,44,False
1188101,GUNMA BANK NY BR,USB,1988-06-30,2026-03-31,152,True
1189096,HOKKAIDO BK NY BR,USB,1988-06-30,1996-03-31,32,False
1191437,BARCLAYS BK LA AG,USA,1988-06-30,1990-06-30,9,False
1191503,STANDARD CHARTERED NY INTL BR,USB,1987-09-30,1996-12-31,38,False
1191633,LOS ANGELES BRANCH,USB,1988-06-30,2005-12-31,71,True
1192210,"CREDIT COML DE FRANCE, CHGO BR",USB,1988-06-30,1989-03-31,4,False
1211401,NEW YORK BRANCH,USB,1988-06-30,2015-06-30,109,True
1212761,P T BK RAKYAT INDONESIA NY AGY,USA,1988-06-30,2026-03-31,152,True
1217663,MIAMI AGENCY,USA,1988-12-31,2004-12-31,65,True
1218334,NATIONAL BK OF CANADA LA AGY,USA,1988-09-30,2002-03-31,55,True
1218343,NATIONAL BK CANADA IRVINE AG,USA,1988-09-30,1990-09-30,9,False
1218361,BANK OF CHINA LA BR,UFB,1988-12-31,2026-03-31,150,True
1218709,BANK OF KYOTO NY BR,USB,1988-12-31,1998-09-30,40,False
1218866,NEW YORK BRANCH,USB,1988-12-31,1997-12-31,37,False
1222500,DEUTSCHE BK AG-CHICAGO BR,USB,1988-12-31,1996-12-31,33,False
1222957,DNB BK ASA NY BR,USB,1988-12-31,2026-03-31,150,True
1357242,NEW YORK BRANCH,USB,1989-03-31,2008-09-30,79,True
1358137,MASHREQBANK PSC NY BR,USB,1989-03-31,2026-03-31,149,True
1360550,CREDIT NAT NY AGY,USA,1989-03-31,1996-12-31,32,False
1367308,SWISS VOLKSBANK - NY BRANCH,USB,1989-03-31,1993-06-30,18,False
1368604,BANCO LATINOAMERICANO NY AGY,USA,1989-03-31,2026-03-31,149,True
1369263,DAI-ICHI KANGYO BK SF AGY,USA,1989-03-31,1998-12-31,40,False
1369683,SCANDANAVIAN BK GROUP NY BR,USB,1989-03-31,1990-09-30,7,False
1369861,ALGEMENE SPAAR-EN LIJFR NY BR,USB,1989-03-31,1995-06-30,26,False
1386907,JOYO BK NY BR,USB,1989-06-30,2002-06-30,53,True
1395374,MEGA INTL CMRL SILICON VALL BR,USB,1989-06-30,2026-03-31,148,True
1396586,BANCA DI ROMA SPA HOUSTON AGY,USA,1989-06-30,1996-12-31,31,False
1402889,COMMERCIAL BK OF KUWAIT SAK BR,UFB,1989-12-31,1991-03-31,6,False
1411117,CHRISTIANA BK SEATTLE BRANCH,USB,1989-12-31,1995-06-30,23,False
1414510,CHO HUNG BANK-CHICAGO BRANCH,USB,1989-12-31,1998-12-31,37,False
1415049,CORAL GABLES AGENCY,USA,1989-06-30,2016-09-30,110,True
1415058,DG BK DEUTSCHE GENOSSENSCHAFTS,USA,1989-06-30,1998-12-31,39,False
1415160,SPAREKASSEN SDS NY BR,USB,1989-09-30,1990-03-31,3,False
1415393,BANK OF FUKUOKA NY BR,USB,1989-06-30,1998-12-31,39,False
1415955,CHANG HWA CMRL BK NY BR,USB,1989-12-31,2026-03-31,146,True
1415982,NEW YORK BRANCH,USB,1989-12-31,1997-12-31,33,False
1418107,OVERSEA-CHINESE BKG LA AGY,USA,1989-09-30,2026-03-31,147,True
1419113,TOKYO TOMIN BK NY BR,USB,1989-12-31,1998-12-31,37,False
1419122,MASE WESTPAC NY BR,USB,1989-12-31,1994-09-30,20,False
1421497,SHIZUOKA BK NY BR,USB,1989-06-30,2026-03-31,148,True
1436044,TOKAI BK ATLANTA AGY,USA,1989-12-31,1998-12-31,37,False
1436053,BANCO UNION CA MIAMI AGY,USA,1990-12-31,1998-12-31,33,False
1436062,BANCO CENTRAL HISPANO AMERICAN,USA,1989-12-31,1995-09-30,24,False
1436080,DAIWA BK ATLANTA AGY,USA,1990-03-31,1995-12-31,24,False
1436820,VIRGIN ISLANDS BR,USB,1990-03-31,1991-06-30,6,False
1437014,HUA NAN CMRL BK LA BR,USB,1990-03-31,2026-03-31,145,True
1437108,MITSUBISHI T&B CORP CHICAGO BR,USB,1989-12-31,1998-12-31,37,False
1437274,DAIWA BK MIAMI AGY,USA,1990-03-31,1995-12-31,24,False
1437283,DAIWA BK TAMPA AGY,USA,1990-03-31,1995-12-31,24,False
1437872,ATLANTA AGENCY,USA,1989-12-31,2009-06-30,79,True
1437881,NATIONAL BK CANADA ATL AGY,USA,1989-12-31,2001-12-31,49,True
1437902,INTERNATIONALE NEDERLANDEN BK,USA,1989-12-31,1993-09-30,16,False
1437920,ROYAL BK OF CANADA,USA,1989-12-31,1992-12-31,13,False
1437957,CREDIT LYONNAIS ATLANTA AGY,USA,1989-12-31,1998-12-31,37,False
1437966,CREDIT SUISSE ATLANTA AGY,USA,1989-12-31,1996-09-30,28,False
1438691,DAIWA BK SF AGY,USA,1990-03-31,1995-12-31,24,False
1438703,DAIWA BK LA WEST SIXTH ST AGY,USA,1990-03-31,1995-12-31,24,False
1438963,FIRST CMRL BK LA BR,USB,1990-03-31,2026-03-31,145,True
1445783,CHIBA BK LA AGY,USA,1990-06-30,1996-03-31,24,False
1446173,DEN DANSKE BK LA BR,USB,1990-06-30,1991-03-31,4,False
1447554,FUKUOKA CITY BK NY BR,USB,1990-06-30,1996-09-30,26,False
1447581,BANK OF KINKI NY BR,USB,1990-06-30,1996-09-30,26,False
1447611,HYOGO BANK-NY BRANCH,USB,1990-06-30,1993-06-30,13,False
1448029,CAISSE NATLE DE CRDT AGR LA BR,USB,1990-06-30,1991-03-31,4,False
1451216,BANK OF TOKYO LTD-CHICAGO BR,USB,1990-06-30,1996-03-31,24,False
1454963,DAIWA BK DALLAS AGENCY,USA,1990-03-31,1995-12-31,24,False
1455719,HANG SENG BK SF BR,UFB,1989-12-31,1995-09-30,24,False
1459276,NATIONAL WESTMINSTER BK,USA,1990-03-31,1990-06-30,2,False
1459285,STANDARD CHARTERED BK UK,USA,1990-06-30,1995-09-30,22,False
1459294,DALLAS AGENCY,USA,2002-09-30,2004-12-31,8,False
1459324,NATIONAL AUSTRALIA BK,USA,1990-03-31,1990-12-31,4,False
1476424,RIYAD BK HOU AGY,USA,1990-06-30,2026-03-31,144,True
1476433,HOUSTON AGENCY,USA,1989-09-30,2019-09-30,121,True
1481884,SAKURA BK ATLANTA AGY,USA,1990-12-31,1998-03-31,30,False
1481893,INDUSTRIAL BK OF JAPAN ATLANTA,USA,1990-09-30,1998-12-31,34,False
1488771,CHANG HWA CMRL BK LA BR,USB,1990-12-31,2026-03-31,142,True
1492059,HUA NAN CMRL BK NY AGY,USA,1990-09-30,2026-03-31,143,True
1492451,FUKUTOKU BK NY BR,USB,1990-12-31,1994-03-31,14,False
1492545,NEW YORK BRANCH,USB,2002-09-30,2002-09-30,1,False
1492581,NEW YORK BRANCH,USB,1990-12-31,1997-12-31,29,False
1492826,BANK OF TAIWAN NY BR,USB,1990-09-30,2026-03-31,143,True
1717613,SAKURA BK,USA,1991-03-31,1998-12-31,31,False
1717903,KOREA EXCH BK MIAMI AGY,USA,1990-09-30,1998-09-30,32,False
1751064,SHINHAN BK NY BR,USB,1989-06-30,2026-03-31,148,True
1751420,BANK OF EAST ASIA NY BR,IFB,1993-03-31,2026-03-31,133,True
1751626,FIRST CMRL BK CO NY BR,USB,1990-03-31,2026-03-31,145,True
1751729,DAISHI BK NY BR,USB,1990-06-30,1998-12-31,35,False
1752427,JUROKU BK NY BR,USB,1990-06-30,1998-12-31,35,False
1753684,NEW YORK BRANCH,USB,1990-12-31,2020-09-30,120,True
1820933,INDUSTRIAL BK OF KOREA NY BR,USB,1990-12-31,2026-03-31,142,True
1820951,CHICAGO BRANCH,USB,1990-12-31,1997-06-30,27,False
1826083,77 BK NY BR,USB,1990-12-31,1998-12-31,33,False
1829507,NATIONAL WESTMNSTER BK-WALL ST,USB,1990-09-30,1993-12-31,14,False
1831135,NORDDEUTSCHE LANDESBANK NY BR,USB,1991-03-31,2026-03-31,141,True
1831368,BANK POLSKA KASA OPIEKI NY BR,UFB,1991-03-31,2003-06-30,50,True
1831920,MIAMI AGENCY,USA,1991-03-31,2006-09-30,63,True
1831984,ATLANTA AGENCY,USA,2002-09-30,2011-12-31,36,False
1841497,NEW YORK AGENCY,USA,1991-06-30,2009-06-30,73,True
1852934,SHIGA BK NY BR,USB,1991-03-31,1998-06-30,30,False
1852952,SWEDBANK AB NY BR,USB,1991-06-30,2026-03-31,140,True
1858365,KOREA FIRST BK LA PALMA AGY,USA,1991-06-30,1996-12-31,23,False
1858990,BANK OF E ASIA LA BR,UFB,1991-06-30,2026-03-31,140,True
1859063,SAKURA BK SF AGY,USA,1991-03-31,1998-03-31,29,False
1861806,NISHI-NIPPON BK NY BR,USB,1991-06-30,2001-06-30,41,True
1861851,BANK OF OSAKA NY BR,USB,1991-06-30,1994-03-31,12,False
1861909,TAIWAN CO-OP BK SEATTLE BR,USB,1991-06-30,2026-03-31,140,True
1861918,PT BK BALI TBK LA AGY,USA,1991-06-30,2001-12-31,43,True
1861936,SEOULBANK BALA CYNWYD BR,USB,1990-12-31,1998-03-31,30,False
1861945,LOS ANGELES AGENCY,USA,1991-06-30,2021-03-31,120,True
1865998,ROYAL BK OF CANADA BUFFALO BR,UFB,1990-03-31,1992-12-31,12,False
1867433,GIRO CREDIT BK LA BR,UFB,1991-06-30,1994-12-31,15,False
1867723,NORDEA ABP NY BR,USB,1991-09-30,2026-03-31,139,True
1869352,SHANGHAI CMRL BK LA BR,USB,1991-09-30,2026-03-31,139,True
1876190,BANCO BOLIVIANO AMERICANO SA,USA,1991-06-30,1998-12-31,31,False
1878550,SIAM CMRL BK LTD-CHGO BR,UFB,1991-03-31,1996-06-30,22,False
1878626,TOYO TR & BKG CO LTD-CHGO BR,USB,1991-03-31,1996-03-31,21,False
1890833,HABIB BK-BKLYN BR,USB,1991-06-30,1993-06-30,9,False
1894541,P T BK DAGANG NAS INDO LA AGY,USA,1991-12-31,1998-06-30,27,False
1898781,BANK OF CMNTNS NY BR,UFB,1991-12-31,2026-03-31,138,True
1901793,UNION BK OF JAMAICA MIAMI AGY,USA,1991-12-31,2001-09-30,40,True
1915820,HUNTINGTON PARK AGENCY,USA,1991-12-31,2010-03-31,74,True
1917011,MUFG BK DALLAS AGY,UFA,1991-12-31,2026-03-31,58,True
1918362,BANCO POPULAR DEL ECUADOR SA,USA,1991-12-31,1999-06-30,31,True
1921111,TURKIYE VAKIFLAR BK NY BR,USB,1991-12-31,2026-03-31,138,True
1984237,NEW YORK AGENCY,USA,1994-09-30,1997-09-30,13,False
1984273,KOOKMIN BANK BK PARK AVE BR,USB,1997-12-31,2002-03-31,18,True
1984312,LANDESBK BADEN WUERTTEMB NY BR,USB,1998-12-31,2026-03-31,110,True
1984602,KOOKMIN BK NY BR,USB,1999-03-31,2026-03-31,109,True
1984769,DONGHWA BK NY BR,USB,1995-12-31,1998-12-31,13,False
1984796,KOREA DEVELOPMENT BK NY BR,USB,1997-06-30,2026-03-31,116,True
1985458,WEST MRCH BK NY AGY,USA,1995-12-31,1998-12-31,13,False
1985775,KOREA LONG TERM CREDIT NY BR,USB,1996-12-31,1998-12-31,9,False
1987032,BANK OF NOVA SCOTIA HOU BR,USB,2007-06-30,2026-03-31,76,True
1990078,NATIONAL WESTMINISTER BK PLC,USA,1989-12-31,1990-06-30,3,False
1992858,CREDIT INDUS ET CMRL NY BR,USB,1992-06-30,2026-03-31,136,True
2009623,BANK OF MONTREAL SF AG,USA,1980-06-30,1985-06-30,21,False
2012735,LOS ANGELES BRANCH,USB,1993-03-31,2016-03-31,93,True
2012995,LOS ANGELES AGENCY,USA,1993-03-31,2015-06-30,90,True
2023692,NEW YORK BRANCH,UFB,2002-09-30,2002-12-31,2,False
2024402,BANCO DE SABADELL SA MIAMI BR,USB,1993-03-31,2026-03-31,133,True
2031679,NEW YORK AGENCY,USA,1993-03-31,2006-06-30,54,True
2031978,COUTTS BK SWITZERLAND NY BR,USB,1993-06-30,1998-09-30,22,False
2045809,BANK OF TAIWAN LA BR,USB,1993-03-31,2026-03-31,133,True
2051154,BANCO BILB VIZ ARG SAN JUAN BR,USB,1993-03-31,2002-03-31,37,True
2066121,TAIWAN BUS BK LA BR,USB,1995-09-30,2026-03-31,123,True
2171490,DAH SING BK ALHAMBRA BR,UFB,1994-03-31,1995-12-31,8,False
2210287,MIAMI BRANCH,USB,1994-06-30,2007-12-31,55,True
2259446,KORAM BK LA BR,UFB,1994-12-31,1998-12-31,17,False
2349664,ARGENTARIA CAJA POSTAL Y NY BR,USB,1995-12-31,1998-12-31,13,False
2361077,TAIWAN CO-OP BK LA BR,USB,1995-12-31,2026-03-31,122,True
2430834,NEW YORK BRANCH,USB,1996-03-31,2005-09-30,39,True
2441867,BANK OF TOKYO-MITSUBISHI CORAL,USA,1996-06-30,1998-12-31,11,False
2523295,SEATTLE BRANCH,USB,1996-12-31,2002-09-30,24,True
2523316,PORTLAND BRANCH,USB,1996-12-31,2002-09-30,24,True
2531469,SUMITOMO BK NY BR,USB,1996-12-31,1998-12-31,9,False
2614009,LAND BK OF TAIWAN LA BR,USB,1997-09-30,2026-03-31,115,True
2618801,UBS AG STAMFORD BR,UFB,1997-12-31,2026-03-31,114,True
2631574,CREDIT AGRICOLE C&I BK CHGO BR,USB,1997-12-31,2026-03-31,114,True
2635321,CREDIT AGRICOLE MADISON AVE BR,USB,1998-06-30,1998-06-30,1,False
2696555,CTBC BK CO NY BR,USB,1999-03-31,2026-03-31,109,True
2719294,BANCAJA MIAMI BRANCH,USB,1998-09-30,2012-03-31,55,True
2738213,HOUSTON AGENCY,USA,1995-03-31,2017-12-31,92,True
2809597,BANCO DE CREDITO E INV MIA BR,USB,1999-06-30,2026-03-31,108,True
2826062,BANK SINOPAC LA BR,USB,1999-06-30,2026-03-31,108,True
2863786,NEW YORK BRANCH,USB,1999-12-31,2018-06-30,75,True
2912518,INTESA SANPAOLO SPA NY BR,USB,2000-06-30,2026-03-31,104,True
2929851,E SUN CMRL BK LOS ANGELES BR,USB,2000-09-30,2026-03-31,103,True
2972044,NATIONAL BK EGYPT NY BR,USB,2001-03-31,2026-03-31,101,True
3006496,GREENWICH AGENCY,USA,2001-03-31,2007-06-30,26,True
3016141,MIAMI AGENCY,USA,2001-06-30,2008-03-31,28,True
3041385,CONNECTICUT BRANCH,USB,2001-09-30,2018-09-30,69,True
3045824,GOVERNOR & CO BK IR STAMFOR BR,USB,2006-09-30,2026-03-31,79,True
3057470,BANCO DE BOGOTA SA MIAMI AGY,USA,2001-12-31,2026-03-31,98,True
3072183,MIAMI AGENCY,USA,2001-12-31,2012-12-31,45,True
3101551,CAJA MADRID MIAMI AGENCY,USA,2002-03-31,2012-03-31,41,True
3108121,MIAMI BRANCH,USB,2002-06-30,2012-12-31,43,True
3135631,BANCO DE CREDITO MIAMI AGY,USA,2002-09-30,2026-03-31,95,True
3141874,NEW YORK BRANCH,USB,2003-06-30,2016-09-30,54,True
3142675,NEW YORK BRANCH,USB,2002-12-31,2015-12-31,53,True
3151042,STAMFORD BRANCH,USB,2003-06-30,2008-03-31,20,True
3152094,BNP PARIBAS FORTIS NY BR,USB,2002-12-31,2025-09-30,92,True
3152656,HYPOTHEKENBANK FRANKFURT AG NEW YORK BRANCH,USB,2003-03-31,2014-03-31,45,True
3159262,CHINA CITIC BK INTL NY BR,UFB,2002-12-31,2026-03-31,94,True
3191963,BBVA MEXICO SA INS HOUSTON AGY,USA,2003-06-30,2026-03-31,92,True
3201666,NEW YORK BRANCH,UFB,2004-03-31,2007-06-30,14,True
3225091,MIAMI AGENCY,USA,2003-12-31,2013-06-30,39,True
3374841,BANCO DEL ESTADO D CHILE NY BR,USB,2005-12-31,2021-09-30,64,True
3443523,MIAMI AGENCY,USA,2006-06-30,2010-12-31,19,True
3446467,UBS AG TAMPA BRANCH,UFB,2006-12-31,2019-09-30,52,True
3464809,CAISSE CENTRAL DESJARDINS U.S. BRANCH,UFB,2006-09-30,2016-12-31,42,True
3465459,ROYAL BK CANADA DALLAS AGY,USA,2007-12-31,2026-03-31,74,True
3470967,CAJA DE AHORROS DEL MEDITERRANEO MIAMI AGENCY,USA,2006-09-30,2012-03-31,23,True
3597033,CREDIT AGRICOLE CORP MIAMI AGY,USA,2007-06-30,2022-03-31,60,True
3598674,HOUSTON AGENCY,USA,2007-06-30,2015-03-31,32,True
3628825,GREENWICH BRANCH,USB,2007-06-30,2016-12-31,39,True
3712461,ICICI BK NY BR,UFB,2008-03-31,2026-03-31,73,True
3794711,ONE LIBERTY PLAZA BRANCH,UFB,2008-06-30,2017-06-30,37,True
3823246,CHINA MERCHANTS BK CO NY BR,USB,2008-12-31,2026-03-31,70,True
3836620,LOS ANGELES AGENCY,UFA,2008-12-31,2011-06-30,11,True
3848977,NEW YORK BRANCH,USB,2008-12-31,2015-12-31,29,True
3903308,INDUSTRIAL & CB OF CHINA NY BR,USB,2008-12-31,2026-03-31,70,True
3927591,CHINA CONSTRUCTION BK NY BR,USB,2009-03-31,2026-03-31,69,True
3930498,BANCO ITAU CHILE NY BR,UFB,2009-06-30,2026-03-31,68,True
3939062,MIAMI AGENCY,USA,2009-06-30,2017-06-30,33,True
3956041,BARCLAYS BK PLC SEVENTH AVE BR,USB,2016-03-31,2026-03-31,41,True
3958223,COOPERATIEVE CENTRALE STL AGY,USA,2009-09-30,2026-03-31,67,True
4175764,MADISON BRANCH,USB,2010-09-30,2010-09-30,1,True
4223731,LAND BK OF TAIWAN NY BR,USB,2011-03-31,2026-03-31,61,True
4228099,BANCO DAVIVIENDA SA MIAMI BR,USB,2011-03-31,2026-03-31,61,True
4305516,JACKSON HEIGHTS BRANCH,USB,2011-03-31,2013-12-31,12,True
4357225,BANK OF CMNTNS SF BR,UFB,2011-12-31,2026-03-31,58,True
4365864,BANCO DO ESTADO DO RI MIAMI BR,UFB,2012-03-31,2022-06-30,42,True
4393559,MIAMI BRANCH,USB,2012-03-31,2013-12-31,8,True
4455466,AGRICULTURAL BK OF CHINA NY BR,USB,2012-12-31,2026-03-31,54,True
4461515,BANK OF CHINA CHICAGO BR,UFB,2012-12-31,2026-03-31,54,True
4542236,NONGHYUP BK NY BR,USB,2013-09-30,2026-03-31,51,True
4725141,CMB WING LUNG BK SF BR,UFB,2014-09-30,2026-03-31,47,True
4726054,CANARA BK NY BR,USB,2014-06-30,2026-03-31,48,True
4932471,TAIWAN CO-OP BK NY BR,USB,2016-03-31,2026-03-31,41,True
4934484,PARK AVENUE BRANCH,USB,2015-12-31,2019-06-30,15,True
5083316,FEDERATION DES CAISSES FL BR,UFB,2017-03-31,2026-03-31,37,True
5087752,ROYAL BK CANADA HUDSON BR,UFB,2017-03-31,2026-03-31,37,True
5113866,TAIWAN BUS BK NY BR,USB,2017-03-31,2026-03-31,37,True
5285268,LLOYDS BK CORP MKTS PLC NY BR,USB,2018-09-30,2026-03-31,31,True
5326705,ABANCA CORP BANCARIA MIAMI BR,USB,2018-12-31,2026-03-31,30,True
5453843,ITAU UNIBANCO SA MIAMI BR,USB,2020-03-31,2026-03-31,25,True
5584729,FIRST CMRL BK LTD HOUSTON BR,USB,2021-03-31,2026-03-31,21,True
5616273,ADYEN NV SAN FRANCISCO BR,UFB,2021-06-30,2026-03-31,20,True
5686801,TAIWAN CO-OP BK HOUSTON BR,USB,2021-12-31,2026-03-31,18,True
